Defense-Type1,Defense-Type2,一般,火,水,電,草,冰,格鬥,毒,地面,飛行,超能力,蟲,岩石,幽靈,龍,惡,鋼,妖精
一般,,1,1,1,1,1,1,2,1,1,1,1,1,1,0,1,1,1,1
一般,火,1,0.5,2,1,0.5,0.5,2,1,2,1,1,0.5,2,0,1,1,0.5,0.5
一般,水,1,0.5,0.5,2,2,0.5,2,1,1,1,1,1,1,0,1,1,0.5,1
一般,電,1,1,1,0.5,1,1,2,1,2,0.5,1,1,1,0,1,1,0.5,1
一般,草,1,2,0.5,0.5,0.5,2,2,2,0.5,2,1,2,1,0,1,1,1,1
一般,冰,1,2,1,1,1,0.5,4,1,1,1,1,1,2,0,1,1,2,1
一般,格鬥,1,1,1,1,1,1,2,1,1,2,2,0.5,0.5,0,1,0.5,1,2
一般,毒,1,1,1,1,0.5,1,1,0.5,2,1,2,0.5,1,0,1,1,1,0.5
一般,地面,1,1,2,0,2,2,2,0.5,1,1,1,1,0.5,0,1,1,1,1
一般,飛行,1,1,1,2,0.5,2,1,1,0,1,1,0.5,2,0,1,1,1,1
一般,超能力,1,1,1,1,1,1,1,1,1,1,0.5,2,1,0,1,2,1,1
一般,蟲,1,2,1,1,0.5,1,1,1,0.5,2,1,1,2,0,1,1,1,1
一般,岩石,0.5,0.5,2,1,2,1,4,0.5,2,0.5,1,1,1,0,1,1,2,1
一般,幽靈,0,1,1,1,1,1,0,0.5,1,1,1,0.5,1,0,1,2,1,1
一般,龍,1,0.5,0.5,0.5,0.5,2,2,1,1,1,1,1,1,0,2,1,1,2
一般,惡,1,1,1,1,1,1,4,1,1,1,0,2,1,0,1,0.5,1,2
一般,鋼,0.5,2,1,1,0.5,0.5,4,0,2,0.5,0.5,0.5,0.5,0,0.5,1,0.5,0.5
一般,妖精,1,1,1,1,1,1,1,2,1,1,1,0.5,1,0,0,0.5,2,1
火,,1,0.5,2,1,0.5,0.5,1,1,2,1,1,0.5,2,1,1,1,0.5,0.5
火,一般,1,0.5,2,1,0.5,0.5,2,1,2,1,1,0.5,2,0,1,1,0.5,0.5
火,水,1,0.25,1,2,1,0.25,1,1,2,1,1,0.5,2,1,1,1,0.25,0.5
火,電,1,0.5,2,0.5,0.5,0.5,1,1,4,0.5,1,0.5,2,1,1,1,0.25,0.5
火,草,1,1,1,0.5,0.25,1,1,2,1,2,1,1,2,1,1,1,0.5,0.5
火,冰,1,1,2,1,0.5,0.25,2,1,2,1,1,0.5,4,1,1,1,1,0.5
火,格鬥,1,0.5,2,1,0.5,0.5,1,1,2,2,2,0.25,1,1,1,0.5,0.5,1
火,毒,1,0.5,2,1,0.25,0.5,0.5,0.5,4,1,2,0.25,2,1,1,1,0.5,0.25
火,地面,1,0.5,4,0,1,1,1,0.5,2,1,1,0.5,1,1,1,1,0.5,0.5
火,飛行,1,0.5,2,2,0.25,1,0.5,1,0,1,1,0.25,4,1,1,1,0.5,0.5
火,超能力,1,0.5,2,1,0.5,0.5,0.5,1,2,1,0.5,1,2,2,1,2,0.5,0.5
火,蟲,1,1,2,1,0.25,0.5,0.5,1,1,2,1,0.5,4,1,1,1,0.5,0.5
火,岩石,0.5,0.25,4,1,1,0.5,2,0.5,4,0.5,1,0.5,2,1,1,1,1,0.5
火,幽靈,0,0.5,2,1,0.5,0.5,0,0.5,2,1,1,0.25,2,2,1,2,0.5,0.5
火,龍,1,0.25,1,0.5,0.25,1,1,1,2,1,1,0.5,2,1,2,1,0.5,1
火,惡,1,0.5,2,1,0.5,0.5,2,1,2,1,0,1,2,0.5,1,0.5,0.5,1
火,鋼,0.5,1,2,1,0.25,0.25,2,0,4,0.5,0.5,0.25,1,1,0.5,1,0.25,0.25
火,妖精,1,0.5,2,1,0.5,0.5,0.5,2,2,1,1,0.25,2,1,0,0.5,1,0.5
水,,1,0.5,0.5,2,2,0.5,1,1,1,1,1,1,1,1,1,1,0.5,1
水,一般,1,0.5,0.5,2,2,0.5,2,1,1,1,1,1,1,0,1,1,0.5,1
水,火,1,0.25,1,2,1,0.25,1,1,2,1,1,0.5,2,1,1,1,0.25,0.5
水,電,1,0.5,0.5,1,2,0.5,1,1,2,0.5,1,1,1,1,1,1,0.25,1
水,草,1,1,0.25,1,1,1,1,2,0.5,2,1,2,1,1,1,1,0.5,1
水,冰,1,1,0.5,2,2,0.25,2,1,1,1,1,1,2,1,1,1,1,1
水,格鬥,1,0.5,0.5,2,2,0.5,1,1,1,2,2,0.5,0.5,1,1,0.5,0.5,2
水,毒,1,0.5,0.5,2,1,0.5,0.5,0.5,2,1,2,0.5,1,1,1,1,0.5,0.5
水,地面,1,0.5,1,0,4,1,1,0.5,1,1,1,1,0.5,1,1,1,0.5,1
水,飛行,1,0.5,0.5,4,1,1,0.5,1,0,1,1,0.5,2,1,1,1,0.5,1
水,超能力,1,0.5,0.5,2,2,0.5,0.5,1,1,1,0.5,2,1,2,1,2,0.5,1
水,蟲,1,1,0.5,2,1,0.5,0.5,1,0.5,2,1,1,2,1,1,1,0.5,1
水,岩石,0.5,0.25,1,2,4,0.5,2,0.5,2,0.5,1,1,1,1,1,1,1,1
水,幽靈,0,0.5,0.5,2,2,0.5,0,0.5,1,1,1,0.5,1,2,1,2,0.5,1
水,龍,1,0.25,0.25,1,1,1,1,1,1,1,1,1,1,1,2,1,0.5,2
水,惡,1,0.5,0.5,2,2,0.5,2,1,1,1,0,2,1,0.5,1,0.5,0.5,2
水,鋼,0.5,1,0.5,2,1,0.25,2,0,2,0.5,0.5,0.5,0.5,1,0.5,1,0.25,0.5
水,妖精,1,0.5,0.5,2,2,0.5,0.5,2,1,1,1,0.5,1,1,0,0.5,1,1
電,,1,1,1,0.5,1,1,1,1,2,0.5,1,1,1,1,1,1,0.5,1
電,一般,1,1,1,0.5,1,1,2,1,2,0.5,1,1,1,0,1,1,0.5,1
電,火,1,0.5,2,0.5,0.5,0.5,1,1,4,0.5,1,0.5,2,1,1,1,0.25,0.5
電,水,1,0.5,0.5,1,2,0.5,1,1,2,0.5,1,1,1,1,1,1,0.25,1
電,草,1,2,0.5,0.25,0.5,2,1,2,1,1,1,2,1,1,1,1,0.5,1
電,冰,1,2,1,0.5,1,0.5,2,1,2,0.5,1,1,2,1,1,1,1,1
電,格鬥,1,1,1,0.5,1,1,1,1,2,1,2,0.5,0.5,1,1,0.5,0.5,2
電,毒,1,1,1,0.5,0.5,1,0.5,0.5,4,0.5,2,0.5,1,1,1,1,0.5,0.5
電,地面,1,1,2,0,2,2,1,0.5,2,0.5,1,1,0.5,1,1,1,0.5,1
電,飛行,1,1,1,1,0.5,2,0.5,1,0,0.5,1,0.5,2,1,1,1,0.5,1
電,超能力,1,1,1,0.5,1,1,0.5,1,2,0.5,0.5,2,1,2,1,2,0.5,1
電,蟲,1,2,1,0.5,0.5,1,0.5,1,1,1,1,1,2,1,1,1,0.5,1
電,岩石,0.5,0.5,2,0.5,2,1,2,0.5,4,0.25,1,1,1,1,1,1,1,1
電,幽靈,0,1,1,0.5,1,1,0,0.5,2,0.5,1,0.5,1,2,1,2,0.5,1
電,龍,1,0.5,0.5,0.25,0.5,2,1,1,2,0.5,1,1,1,1,2,1,0.5,2
電,惡,1,1,1,0.5,1,1,2,1,2,0.5,0,2,1,0.5,1,0.5,0.5,2
電,鋼,0.5,2,1,0.5,0.5,0.5,2,0,4,0.25,0.5,0.5,0.5,1,0.5,1,0.25,0.5
電,妖精,1,1,1,0.5,1,1,0.5,2,2,0.5,1,0.5,1,1,0,0.5,1,1
草,,1,2,0.5,0.5,0.5,2,1,2,0.5,2,1,2,1,1,1,1,1,1
草,一般,1,2,0.5,0.5,0.5,2,2,2,0.5,2,1,2,1,0,1,1,1,1
草,火,1,1,1,0.5,0.25,1,1,2,1,2,1,1,2,1,1,1,0.5,0.5
草,水,1,1,0.25,1,1,1,1,2,0.5,2,1,2,1,1,1,1,0.5,1
草,電,1,2,0.5,0.25,0.5,2,1,2,1,1,1,2,1,1,1,1,0.5,1
草,冰,1,4,0.5,0.5,0.5,1,2,2,0.5,2,1,2,2,1,1,1,2,1
草,格鬥,1,2,0.5,0.5,0.5,2,1,2,0.5,4,2,1,0.5,1,1,0.5,1,2
草,毒,1,2,0.5,0.5,0.25,2,0.5,1,1,2,2,1,1,1,1,1,1,0.5
草,地面,1,2,1,0,1,4,1,1,0.5,2,1,2,0.5,1,1,1,1,1
草,飛行,1,2,0.5,1,0.25,4,0.5,2,0,2,1,1,2,1,1,1,1,1
草,超能力,1,2,0.5,0.5,0.5,2,0.5,2,0.5,2,0.5,4,1,2,1,2,1,1
草,蟲,1,4,0.5,0.5,0.25,2,0.5,2,0.25,4,1,2,2,1,1,1,1,1
草,岩石,0.5,1,1,0.5,1,2,2,1,1,1,1,2,1,1,1,1,2,1
草,幽靈,0,2,0.5,0.5,0.5,2,0,1,0.5,2,1,1,1,2,1,2,1,1
草,龍,1,1,0.25,0.25,0.25,4,1,2,0.5,2,1,2,1,1,2,1,1,2
草,惡,1,2,0.5,0.5,0.5,2,2,2,0.5,2,0,4,1,0.5,1,0.5,1,2
草,鋼,0.5,4,0.5,0.5,0.25,1,2,0,1,1,0.5,1,0.5,1,0.5,1,0.5,0.5
草,妖精,1,2,0.5,0.5,0.5,2,0.5,4,0.5,2,1,1,1,1,0,0.5,2,1
冰,,1,2,1,1,1,0.5,2,1,1,1,1,1,2,1,1,1,2,1
冰,一般,1,2,1,1,1,0.5,4,1,1,1,1,1,2,0,1,1,2,1
冰,火,1,1,2,1,0.5,0.25,2,1,2,1,1,0.5,4,1,1,1,1,0.5
冰,水,1,1,0.5,2,2,0.25,2,1,1,1,1,1,2,1,1,1,1,1
冰,電,1,2,1,0.5,1,0.5,2,1,2,0.5,1,1,2,1,1,1,1,1
冰,草,1,4,0.5,0.5,0.5,1,2,2,0.5,2,1,2,2,1,1,1,2,1
冰,格鬥,1,2,1,1,1,0.5,2,1,1,2,2,0.5,1,1,1,0.5,2,2
冰,毒,1,2,1,1,0.5,0.5,1,0.5,2,1,2,0.5,2,1,1,1,2,0.5
冰,地面,1,2,2,0,2,1,2,0.5,1,1,1,1,1,1,1,1,2,1
冰,飛行,1,2,1,2,0.5,1,1,1,0,1,1,0.5,4,1,1,1,2,1
冰,超能力,1,2,1,1,1,0.5,1,1,1,1,0.5,2,2,2,1,2,2,1
冰,蟲,1,4,1,1,0.5,0.5,1,1,0.5,2,1,1,4,1,1,1,2,1
冰,岩石,0.5,1,2,1,2,0.5,4,0.5,2,0.5,1,1,2,1,1,1,4,1
冰,幽靈,0,2,1,1,1,0.5,0,0.5,1,1,1,0.5,2,2,1,2,2,1
冰,龍,1,1,0.5,0.5,0.5,1,2,1,1,1,1,1,2,1,2,1,2,2
冰,惡,1,2,1,1,1,0.5,4,1,1,1,0,2,2,0.5,1,0.5,2,2
冰,鋼,0.5,4,1,1,0.5,0.25,4,0,2,0.5,0.5,0.5,1,1,0.5,1,1,0.5
冰,妖精,1,2,1,1,1,0.5,1,2,1,1,1,0.5,2,1,0,0.5,4,1
格鬥,,1,1,1,1,1,1,1,1,1,2,2,0.5,0.5,1,1,0.5,1,2
格鬥,一般,1,1,1,1,1,1,2,1,1,2,2,0.5,0.5,0,1,0.5,1,2
格鬥,火,1,0.5,2,1,0.5,0.5,1,1,2,2,2,0.25,1,1,1,0.5,0.5,1
格鬥,水,1,0.5,0.5,2,2,0.5,1,1,1,2,2,0.5,0.5,1,1,0.5,0.5,2
格鬥,電,1,1,1,0.5,1,1,1,1,2,1,2,0.5,0.5,1,1,0.5,0.5,2
格鬥,草,1,2,0.5,0.5,0.5,2,1,2,0.5,4,2,1,0.5,1,1,0.5,1,2
格鬥,冰,1,2,1,1,1,0.5,2,1,1,2,2,0.5,1,1,1,0.5,2,2
格鬥,毒,1,1,1,1,0.5,1,0.5,0.5,2,2,4,0.25,0.5,1,1,0.5,1,1
格鬥,地面,1,1,2,0,2,2,1,0.5,1,2,2,0.5,0.25,1,1,0.5,1,2
格鬥,飛行,1,1,1,2,0.5,2,0.5,1,0,2,2,0.25,1,1,1,0.5,1,2
格鬥,超能力,1,1,1,1,1,1,0.5,1,1,2,1,1,0.5,2,1,1,1,2
格鬥,蟲,1,2,1,1,0.5,1,0.5,1,0.5,4,2,0.5,1,1,1,0.5,1,2
格鬥,岩石,0.5,0.5,2,1,2,1,2,0.5,2,1,2,0.5,0.5,1,1,0.5,2,2
格鬥,幽靈,0,1,1,1,1,1,0,0.5,1,2,2,0.25,0.5,2,1,1,1,2
格鬥,龍,1,0.5,0.5,0.5,0.5,2,1,1,1,2,2,0.5,0.5,1,2,0.5,1,4
格鬥,惡,1,1,1,1,1,1,2,1,1,2,0,1,0.5,0.5,1,0.25,1,4
格鬥,鋼,0.5,2,1,1,0.5,0.5,2,0,2,1,1,0.25,0.25,1,0.5,0.5,0.5,1
格鬥,妖精,1,1,1,1,1,1,0.5,2,1,2,2,0.25,0.5,1,0,0.25,2,2
毒,,1,1,1,1,0.5,1,0.5,0.5,2,1,2,0.5,1,1,1,1,1,0.5
毒,一般,1,1,1,1,0.5,1,1,0.5,2,1,2,0.5,1,0,1,1,1,0.5
毒,火,1,0.5,2,1,0.25,0.5,0.5,0.5,4,1,2,0.25,2,1,1,1,0.5,0.25
毒,水,1,0.5,0.5,2,1,0.5,0.5,0.5,2,1,2,0.5,1,1,1,1,0.5,0.5
毒,電,1,1,1,0.5,0.5,1,0.5,0.5,4,0.5,2,0.5,1,1,1,1,0.5,0.5
毒,草,1,2,0.5,0.5,0.25,2,0.5,1,1,2,2,1,1,1,1,1,1,0.5
毒,冰,1,2,1,1,0.5,0.5,1,0.5,2,1,2,0.5,2,1,1,1,2,0.5
毒,格鬥,1,1,1,1,0.5,1,0.5,0.5,2,2,4,0.25,0.5,1,1,0.5,1,1
毒,地面,1,1,2,0,1,2,0.5,0.25,2,1,2,0.5,0.5,1,1,1,1,0.5
毒,飛行,1,1,1,2,0.25,2,0.25,0.5,0,1,2,0.25,2,1,1,1,1,0.5
毒,超能力,1,1,1,1,0.5,1,0.25,0.5,2,1,1,1,1,2,1,2,1,0.5
毒,蟲,1,2,1,1,0.25,1,0.25,0.5,1,2,2,0.5,2,1,1,1,1,0.5
毒,岩石,0.5,0.5,2,1,1,1,1,0.25,4,0.5,2,0.5,1,1,1,1,2,0.5
毒,幽靈,0,1,1,1,0.5,1,0,0.25,2,1,2,0.25,1,2,1,2,1,0.5
毒,龍,1,0.5,0.5,0.5,0.25,2,0.5,0.5,2,1,2,0.5,1,1,2,1,1,1
毒,惡,1,1,1,1,0.5,1,1,0.5,2,1,0,1,1,0.5,1,0.5,1,1
毒,鋼,0.5,2,1,1,0.25,0.5,1,0,4,0.5,1,0.25,0.5,1,0.5,1,0.5,0.25
毒,妖精,1,1,1,1,0.5,1,0.25,1,2,1,2,0.25,1,1,0,0.5,2,0.5
地面,,1,1,2,0,2,2,1,0.5,1,1,1,1,0.5,1,1,1,1,1
地面,一般,1,1,2,0,2,2,2,0.5,1,1,1,1,0.5,0,1,1,1,1
地面,火,1,0.5,4,0,1,1,1,0.5,2,1,1,0.5,1,1,1,1,0.5,0.5
地面,水,1,0.5,1,0,4,1,1,0.5,1,1,1,1,0.5,1,1,1,0.5,1
地面,電,1,1,2,0,2,2,1,0.5,2,0.5,1,1,0.5,1,1,1,0.5,1
地面,草,1,2,1,0,1,4,1,1,0.5,2,1,2,0.5,1,1,1,1,1
地面,冰,1,2,2,0,2,1,2,0.5,1,1,1,1,1,1,1,1,2,1
地面,格鬥,1,1,2,0,2,2,1,0.5,1,2,2,0.5,0.25,1,1,0.5,1,2
地面,毒,1,1,2,0,1,2,0.5,0.25,2,1,2,0.5,0.5,1,1,1,1,0.5
地面,飛行,1,1,2,0,1,4,0.5,0.5,0,1,1,0.5,1,1,1,1,1,1
地面,超能力,1,1,2,0,2,2,0.5,0.5,1,1,0.5,2,0.5,2,1,2,1,1
地面,蟲,1,2,2,0,1,2,0.5,0.5,0.5,2,1,1,1,1,1,1,1,1
地面,岩石,0.5,0.5,4,0,4,2,2,0.25,2,0.5,1,1,0.5,1,1,1,2,1
地面,幽靈,0,1,2,0,2,2,0,0.25,1,1,1,0.5,0.5,2,1,2,1,1
地面,龍,1,0.5,1,0,1,4,1,0.5,1,1,1,1,0.5,1,2,1,1,2
地面,惡,1,1,2,0,2,2,2,0.5,1,1,0,2,0.5,0.5,1,0.5,1,2
地面,鋼,0.5,2,2,0,1,1,2,0,2,0.5,0.5,0.5,0.25,1,0.5,1,0.5,0.5
地面,妖精,1,1,2,0,2,2,0.5,1,1,1,1,0.5,0.5,1,0,0.5,2,1
飛行,,1,1,1,2,0.5,2,0.5,1,0,1,1,0.5,2,1,1,1,1,1
飛行,一般,1,1,1,2,0.5,2,1,1,0,1,1,0.5,2,0,1,1,1,1
飛行,火,1,0.5,2,2,0.25,1,0.5,1,0,1,1,0.25,4,1,1,1,0.5,0.5
飛行,水,1,0.5,0.5,4,1,1,0.5,1,0,1,1,0.5,2,1,1,1,0.5,1
飛行,電,1,1,1,1,0.5,2,0.5,1,0,0.5,1,0.5,2,1,1,1,0.5,1
飛行,草,1,2,0.5,1,0.25,4,0.5,2,0,2,1,1,2,1,1,1,1,1
飛行,冰,1,2,1,2,0.5,1,1,1,0,1,1,0.5,4,1,1,1,2,1
飛行,格鬥,1,1,1,2,0.5,2,0.5,1,0,2,2,0.25,1,1,1,0.5,1,2
飛行,毒,1,1,1,2,0.25,2,0.25,0.5,0,1,2,0.25,2,1,1,1,1,0.5
飛行,地面,1,1,2,0,1,4,0.5,0.5,0,1,1,0.5,1,1,1,1,1,1
飛行,超能力,1,1,1,2,0.5,2,0.25,1,0,1,0.5,1,2,2,1,2,1,1
飛行,蟲,1,2,1,2,0.25,2,0.25,1,0,2,1,0.5,4,1,1,1,1,1
飛行,岩石,0.5,0.5,2,2,1,2,1,0.5,0,0.5,1,0.5,2,1,1,1,2,1
飛行,幽靈,0,1,1,2,0.5,2,0,0.5,0,1,1,0.25,2,2,1,2,1,1
飛行,龍,1,0.5,0.5,1,0.25,4,0.5,1,0,1,1,0.5,2,1,2,1,1,2
飛行,惡,1,1,1,2,0.5,2,1,1,0,1,0,1,2,0.5,1,0.5,1,2
飛行,鋼,0.5,2,1,2,0.25,1,1,0,0,0.5,0.5,0.25,1,1,0.5,1,0.5,0.5
飛行,妖精,1,1,1,2,0.5,2,0.25,2,0,1,1,0.25,2,1,0,0.5,2,1
超能力,,1,1,1,1,1,1,0.5,1,1,1,0.5,2,1,2,1,2,1,1
超能力,一般,1,1,1,1,1,1,1,1,1,1,0.5,2,1,0,1,2,1,1
超能力,火,1,0.5,2,1,0.5,0.5,0.5,1,2,1,0.5,1,2,2,1,2,0.5,0.5
超能力,水,1,0.5,0.5,2,2,0.5,0.5,1,1,1,0.5,2,1,2,1,2,0.5,1
超能力,電,1,1,1,0.5,1,1,0.5,1,2,0.5,0.5,2,1,2,1,2,0.5,1
超能力,草,1,2,0.5,0.5,0.5,2,0.5,2,0.5,2,0.5,4,1,2,1,2,1,1
超能力,冰,1,2,1,1,1,0.5,1,1,1,1,0.5,2,2,2,1,2,2,1
超能力,格鬥,1,1,1,1,1,1,0.5,1,1,2,1,1,0.5,2,1,1,1,2
超能力,毒,1,1,1,1,0.5,1,0.25,0.5,2,1,1,1,1,2,1,2,1,0.5
超能力,地面,1,1,2,0,2,2,0.5,0.5,1,1,0.5,2,0.5,2,1,2,1,1
超能力,飛行,1,1,1,2,0.5,2,0.25,1,0,1,0.5,1,2,2,1,2,1,1
超能力,蟲,1,2,1,1,0.5,1,0.25,1,0.5,2,0.5,2,2,2,1,2,1,1
超能力,岩石,0.5,0.5,2,1,2,1,1,0.5,2,0.5,0.5,2,1,2,1,2,2,1
超能力,幽靈,0,1,1,1,1,1,0,0.5,1,1,0.5,1,1,4,1,4,1,1
超能力,龍,1,0.5,0.5,0.5,0.5,2,0.5,1,1,1,0.5,2,1,2,2,2,1,2
超能力,惡,1,1,1,1,1,1,1,1,1,1,0,4,1,1,1,1,1,2
超能力,鋼,0.5,2,1,1,0.5,0.5,1,0,2,0.5,0.25,1,0.5,2,0.5,2,0.5,0.5
超能力,妖精,1,1,1,1,1,1,0.25,2,1,1,0.5,1,1,2,0,1,2,1
蟲,,1,2,1,1,0.5,1,0.5,1,0.5,2,1,1,2,1,1,1,1,1
蟲,一般,1,2,1,1,0.5,1,1,1,0.5,2,1,1,2,0,1,1,1,1
蟲,火,1,1,2,1,0.25,0.5,0.5,1,1,2,1,0.5,4,1,1,1,0.5,0.5
蟲,水,1,1,0.5,2,1,0.5,0.5,1,0.5,2,1,1,2,1,1,1,0.5,1
蟲,電,1,2,1,0.5,0.5,1,0.5,1,1,1,1,1,2,1,1,1,0.5,1
蟲,草,1,4,0.5,0.5,0.25,2,0.5,2,0.25,4,1,2,2,1,1,1,1,1
蟲,冰,1,4,1,1,0.5,0.5,1,1,0.5,2,1,1,4,1,1,1,2,1
蟲,格鬥,1,2,1,1,0.5,1,0.5,1,0.5,4,2,0.5,1,1,1,0.5,1,2
蟲,毒,1,2,1,1,0.25,1,0.25,0.5,1,2,2,0.5,2,1,1,1,1,0.5
蟲,地面,1,2,2,0,1,2,0.5,0.5,0.5,2,1,1,1,1,1,1,1,1
蟲,飛行,1,2,1,2,0.25,2,0.25,1,0,2,1,0.5,4,1,1,1,1,1
蟲,超能力,1,2,1,1,0.5,1,0.25,1,0.5,2,0.5,2,2,2,1,2,1,1
蟲,岩石,0.5,1,2,1,1,1,1,0.5,1,1,1,1,2,1,1,1,2,1
蟲,幽靈,0,2,1,1,0.5,1,0,0.5,0.5,2,1,0.5,2,2,1,2,1,1
蟲,龍,1,1,0.5,0.5,0.25,2,0.5,1,0.5,2,1,1,2,1,2,1,1,2
蟲,惡,1,2,1,1,0.5,1,1,1,0.5,2,0,2,2,0.5,1,0.5,1,2
蟲,鋼,0.5,4,1,1,0.25,0.5,1,0,1,1,0.5,0.5,1,1,0.5,1,0.5,0.5
蟲,妖精,1,2,1,1,0.5,1,0.25,2,0.5,2,1,0.5,2,1,0,0.5,2,1
岩石,,0.5,0.5,2,1,2,1,2,0.5,2,0.5,1,1,1,1,1,1,2,1
岩石,一般,0.5,0.5,2,1,2,1,4,0.5,2,0.5,1,1,1,0,1,1,2,1
岩石,火,0.5,0.25,4,1,1,0.5,2,0.5,4,0.5,1,0.5,2,1,1,1,1,0.5
岩石,水,0.5,0.25,1,2,4,0.5,2,0.5,2,0.5,1,1,1,1,1,1,1,1
岩石,電,0.5,0.5,2,0.5,2,1,2,0.5,4,0.25,1,1,1,1,1,1,1,1
岩石,草,0.5,1,1,0.5,1,2,2,1,1,1,1,2,1,1,1,1,2,1
岩石,冰,0.5,1,2,1,2,0.5,4,0.5,2,0.5,1,1,2,1,1,1,4,1
岩石,格鬥,0.5,0.5,2,1,2,1,2,0.5,2,1,2,0.5,0.5,1,1,0.5,2,2
岩石,毒,0.5,0.5,2,1,1,1,1,0.25,4,0.5,2,0.5,1,1,1,1,2,0.5
岩石,地面,0.5,0.5,4,0,4,2,2,0.25,2,0.5,1,1,0.5,1,1,1,2,1
岩石,飛行,0.5,0.5,2,2,1,2,1,0.5,0,0.5,1,0.5,2,1,1,1,2,1
岩石,超能力,0.5,0.5,2,1,2,1,1,0.5,2,0.5,0.5,2,1,2,1,2,2,1
岩石,蟲,0.5,1,2,1,1,1,1,0.5,1,1,1,1,2,1,1,1,2,1
岩石,幽靈,0,0.5,2,1,2,1,0,0.25,2,0.5,1,0.5,1,2,1,2,2,1
岩石,龍,0.5,0.25,1,0.5,1,2,2,0.5,2,0.5,1,1,1,1,2,1,2,2
岩石,惡,0.5,0.5,2,1,2,1,4,0.5,2,0.5,0,2,1,0.5,1,0.5,2,2
岩石,鋼,0.25,1,2,1,1,0.5,4,0,4,0.25,0.5,0.5,0.5,1,0.5,1,1,0.5
岩石,妖精,0.5,0.5,2,1,2,1,1,1,2,0.5,1,0.5,1,1,0,0.5,4,1
幽靈,,0,1,1,1,1,1,0,0.5,1,1,1,0.5,1,2,1,2,1,1
幽靈,一般,0,1,1,1,1,1,0,0.5,1,1,1,0.5,1,0,1,2,1,1
幽靈,火,0,0.5,2,1,0.5,0.5,0,0.5,2,1,1,0.25,2,2,1,2,0.5,0.5
幽靈,水,0,0.5,0.5,2,2,0.5,0,0.5,1,1,1,0.5,1,2,1,2,0.5,1
幽靈,電,0,1,1,0.5,1,1,0,0.5,2,0.5,1,0.5,1,2,1,2,0.5,1
幽靈,草,0,2,0.5,0.5,0.5,2,0,1,0.5,2,1,1,1,2,1,2,1,1
幽靈,冰,0,2,1,1,1,0.5,0,0.5,1,1,1,0.5,2,2,1,2,2,1
幽靈,格鬥,0,1,1,1,1,1,0,0.5,1,2,2,0.25,0.5,2,1,1,1,2
幽靈,毒,0,1,1,1,0.5,1,0,0.25,2,1,2,0.25,1,2,1,2,1,0.5
幽靈,地面,0,1,2,0,2,2,0,0.25,1,1,1,0.5,0.5,2,1,2,1,1
幽靈,飛行,0,1,1,2,0.5,2,0,0.5,0,1,1,0.25,2,2,1,2,1,1
幽靈,超能力,0,1,1,1,1,1,0,0.5,1,1,0.5,1,1,4,1,4,1,1
幽靈,蟲,0,2,1,1,0.5,1,0,0.5,0.5,2,1,0.5,2,2,1,2,1,1
幽靈,岩石,0,0.5,2,1,2,1,0,0.25,2,0.5,1,0.5,1,2,1,2,2,1
幽靈,龍,0,0.5,0.5,0.5,0.5,2,0,0.5,1,1,1,0.5,1,2,2,2,1,2
幽靈,惡,0,1,1,1,1,1,0,0.5,1,1,0,1,1,1,1,1,1,2
幽靈,鋼,0,2,1,1,0.5,0.5,0,0,2,0.5,0.5,0.25,0.5,2,0.5,2,0.5,0.5
幽靈,妖精,0,1,1,1,1,1,0,1,1,1,1,0.25,1,2,0,1,2,1
龍,,1,0.5,0.5,0.5,0.5,2,1,1,1,1,1,1,1,1,2,1,1,2
龍,一般,1,0.5,0.5,0.5,0.5,2,2,1,1,1,1,1,1,0,2,1,1,2
龍,火,1,0.25,1,0.5,0.25,1,1,1,2,1,1,0.5,2,1,2,1,0.5,1
龍,水,1,0.25,0.25,1,1,1,1,1,1,1,1,1,1,1,2,1,0.5,2
龍,電,1,0.5,0.5,0.25,0.5,2,1,1,2,0.5,1,1,1,1,2,1,0.5,2
龍,草,1,1,0.25,0.25,0.25,4,1,2,0.5,2,1,2,1,1,2,1,1,2
龍,冰,1,1,0.5,0.5,0.5,1,2,1,1,1,1,1,2,1,2,1,2,2
龍,格鬥,1,0.5,0.5,0.5,0.5,2,1,1,1,2,2,0.5,0.5,1,2,0.5,1,4
龍,毒,1,0.5,0.5,0.5,0.25,2,0.5,0.5,2,1,2,0.5,1,1,2,1,1,1
龍,地面,1,0.5,1,0,1,4,1,0.5,1,1,1,1,0.5,1,2,1,1,2
龍,飛行,1,0.5,0.5,1,0.25,4,0.5,1,0,1,1,0.5,2,1,2,1,1,2
龍,超能力,1,0.5,0.5,0.5,0.5,2,0.5,1,1,1,0.5,2,1,2,2,2,1,2
龍,蟲,1,1,0.5,0.5,0.25,2,0.5,1,0.5,2,1,1,2,1,2,1,1,2
龍,岩石,0.5,0.25,1,0.5,1,2,2,0.5,2,0.5,1,1,1,1,2,1,2,2
龍,幽靈,0,0.5,0.5,0.5,0.5,2,0,0.5,1,1,1,0.5,1,2,2,2,1,2
龍,惡,1,0.5,0.5,0.5,0.5,2,2,1,1,1,0,2,1,0.5,2,0.5,1,4
龍,鋼,0.5,1,0.5,0.5,0.25,1,2,0,2,0.5,0.5,0.5,0.5,1,1,1,0.5,1
龍,妖精,1,0.5,0.5,0.5,0.5,2,0.5,2,1,1,1,0.5,1,1,0,0.5,2,2
惡,,1,1,1,1,1,1,2,1,1,1,0,2,1,0.5,1,0.5,1,2
惡,一般,1,1,1,1,1,1,4,1,1,1,0,2,1,0,1,0.5,1,2
惡,火,1,0.5,2,1,0.5,0.5,2,1,2,1,0,1,2,0.5,1,0.5,0.5,1
惡,水,1,0.5,0.5,2,2,0.5,2,1,1,1,0,2,1,0.5,1,0.5,0.5,2
惡,電,1,1,1,0.5,1,1,2,1,2,0.5,0,2,1,0.5,1,0.5,0.5,2
惡,草,1,2,0.5,0.5,0.5,2,2,2,0.5,2,0,4,1,0.5,1,0.5,1,2
惡,冰,1,2,1,1,1,0.5,4,1,1,1,0,2,2,0.5,1,0.5,2,2
惡,格鬥,1,1,1,1,1,1,2,1,1,2,0,1,0.5,0.5,1,0.25,1,4
惡,毒,1,1,1,1,0.5,1,1,0.5,2,1,0,1,1,0.5,1,0.5,1,1
惡,地面,1,1,2,0,2,2,2,0.5,1,1,0,2,0.5,0.5,1,0.5,1,2
惡,飛行,1,1,1,2,0.5,2,1,1,0,1,0,1,2,0.5,1,0.5,1,2
惡,超能力,1,1,1,1,1,1,1,1,1,1,0,4,1,1,1,1,1,2
惡,蟲,1,2,1,1,0.5,1,1,1,0.5,2,0,2,2,0.5,1,0.5,1,2
惡,岩石,0.5,0.5,2,1,2,1,4,0.5,2,0.5,0,2,1,0.5,1,0.5,2,2
惡,幽靈,0,1,1,1,1,1,0,0.5,1,1,0,1,1,1,1,1,1,2
惡,龍,1,0.5,0.5,0.5,0.5,2,2,1,1,1,0,2,1,0.5,2,0.5,1,4
惡,鋼,0.5,2,1,1,0.5,0.5,4,0,2,0.5,0,1,0.5,0.5,0.5,0.5,0.5,1
惡,妖精,1,1,1,1,1,1,1,2,1,1,0,1,1,0.5,0,0.25,2,2
鋼,,0.5,2,1,1,0.5,0.5,2,0,2,0.5,0.5,0.5,0.5,1,0.5,1,0.5,0.5
鋼,一般,0.5,2,1,1,0.5,0.5,4,0,2,0.5,0.5,0.5,0.5,0,0.5,1,0.5,0.5
鋼,火,0.5,1,2,1,0.25,0.25,2,0,4,0.5,0.5,0.25,1,1,0.5,1,0.25,0.25
鋼,水,0.5,1,0.5,2,1,0.25,2,0,2,0.5,0.5,0.5,0.5,1,0.5,1,0.25,0.5
鋼,電,0.5,2,1,0.5,0.5,0.5,2,0,4,0.25,0.5,0.5,0.5,1,0.5,1,0.25,0.5
鋼,草,0.5,4,0.5,0.5,0.25,1,2,0,1,1,0.5,1,0.5,1,0.5,1,0.5,0.5
鋼,冰,0.5,4,1,1,0.5,0.25,4,0,2,0.5,0.5,0.5,1,1,0.5,1,1,0.5
鋼,格鬥,0.5,2,1,1,0.5,0.5,2,0,2,1,1,0.25,0.25,1,0.5,0.5,0.5,1
鋼,毒,0.5,2,1,1,0.25,0.5,1,0,4,0.5,1,0.25,0.5,1,0.5,1,0.5,0.25
鋼,地面,0.5,2,2,0,1,1,2,0,2,0.5,0.5,0.5,0.25,1,0.5,1,0.5,0.5
鋼,飛行,0.5,2,1,2,0.25,1,1,0,0,0.5,0.5,0.25,1,1,0.5,1,0.5,0.5
鋼,超能力,0.5,2,1,1,0.5,0.5,1,0,2,0.5,0.25,1,0.5,2,0.5,2,0.5,0.5
鋼,蟲,0.5,4,1,1,0.25,0.5,1,0,1,1,0.5,0.5,1,1,0.5,1,0.5,0.5
鋼,岩石,0.25,1,2,1,1,0.5,4,0,4,0.25,0.5,0.5,0.5,1,0.5,1,1,0.5
鋼,幽靈,0,2,1,1,0.5,0.5,0,0,2,0.5,0.5,0.25,0.5,2,0.5,2,0.5,0.5
鋼,龍,0.5,1,0.5,0.5,0.25,1,2,0,2,0.5,0.5,0.5,0.5,1,1,1,0.5,1
鋼,惡,0.5,2,1,1,0.5,0.5,4,0,2,0.5,0,1,0.5,0.5,0.5,0.5,0.5,1
鋼,妖精,0.5,2,1,1,0.5,0.5,1,0,2,0.5,0.5,0.25,0.5,1,0,0.5,1,0.5
妖精,,1,1,1,1,1,1,0.5,2,1,1,1,0.5,1,1,0,0.5,2,1
妖精,一般,1,1,1,1,1,1,1,2,1,1,1,0.5,1,0,0,0.5,2,1
妖精,火,1,0.5,2,1,0.5,0.5,0.5,2,2,1,1,0.25,2,1,0,0.5,1,0.5
妖精,水,1,0.5,0.5,2,2,0.5,0.5,2,1,1,1,0.5,1,1,0,0.5,1,1
妖精,電,1,1,1,0.5,1,1,0.5,2,2,0.5,1,0.5,1,1,0,0.5,1,1
妖精,草,1,2,0.5,0.5,0.5,2,0.5,4,0.5,2,1,1,1,1,0,0.5,2,1
妖精,冰,1,2,1,1,1,0.5,1,2,1,1,1,0.5,2,1,0,0.5,4,1
妖精,格鬥,1,1,1,1,1,1,0.5,2,1,2,2,0.25,0.5,1,0,0.25,2,2
妖精,毒,1,1,1,1,0.5,1,0.25,1,2,1,2,0.25,1,1,0,0.5,2,0.5
妖精,地面,1,1,2,0,2,2,0.5,1,1,1,1,0.5,0.5,1,0,0.5,2,1
妖精,飛行,1,1,1,2,0.5,2,0.25,2,0,1,1,0.25,2,1,0,0.5,2,1
妖精,超能力,1,1,1,1,1,1,0.25,2,1,1,0.5,1,1,2,0,1,2,1
妖精,蟲,1,2,1,1,0.5,1,0.25,2,0.5,2,1,0.5,2,1,0,0.5,2,1
妖精,岩石,0.5,0.5,2,1,2,1,1,1,2,0.5,1,0.5,1,1,0,0.5,4,1
妖精,幽靈,0,1,1,1,1,1,0,1,1,1,1,0.25,1,2,0,1,2,1
妖精,龍,1,0.5,0.5,0.5,0.5,2,0.5,2,1,1,1,0.5,1,1,0,0.5,2,2
妖精,惡,1,1,1,1,1,1,1,2,1,1,0,1,1,0.5,0,0.25,2,2
妖精,鋼,0.5,2,1,1,0.5,0.5,1,0,2,0.5,0.5,0.25,0.5,1,0,0.5,1,0.5
